# source_relative	destination_relative	size	sha256
vendorfw/adsp/adsp.b00	qcom/msm8998/joan/adsp.b00	436	e2c96428b9f603679a197e6d0bb617b40004fba29bb3c5da38bcb872a52a2c5d
vendorfw/adsp/adsp.b01	qcom/msm8998/joan/adsp.b01	6824	84e1a07e2b41bd144b1fd1878b2123d00de3a6dd898eca534cf5ad3fa1866d63
vendorfw/adsp/adsp.b02	qcom/msm8998/joan/adsp.b02	381616	e4b85e57ee118f2df55d722d677796952321ae7e0dc8381d0f1deedaef799b21
vendorfw/adsp/adsp.b03	qcom/msm8998/joan/adsp.b03	104076	75614936aba588d17078be61026e4fc10b3cd66f469a3caa8294d449020da5eb
vendorfw/adsp/adsp.b04	qcom/msm8998/joan/adsp.b04	1196	ef6b658f765020b366003d9ca0d72b48d3362805f70d9840cf393884b0995d88
vendorfw/adsp/adsp.b05	qcom/msm8998/joan/adsp.b05	2442432	ae55428cb9d57f53eaf14fc53a02caf7f545b7ab6a5575524591c879c3d0b8cc
vendorfw/adsp/adsp.b06	qcom/msm8998/joan/adsp.b06	11616	6a30c4a7fa2235a492dabf1def3aeafbd2cc8f0a471652dfd3c8b3103a981b38
vendorfw/adsp/adsp.b08	qcom/msm8998/joan/adsp.b08	8259044	6316ebe5567905d319053df896f14bb4661256f562fec522c2fb572fbc427581
vendorfw/adsp/adsp.b09	qcom/msm8998/joan/adsp.b09	96948	8153ca27bf4a63df8ad268a395fa8df3387777176742195bfc7c36d856a391ee
vendorfw/adsp/adsp.b11	qcom/msm8998/joan/adsp.b11	953280	046f0ec893a3c20d82e287250767e65ef70e0e665118ee0825c6dbdfb89d68e2
vendorfw/adsp/adsp.mdt	qcom/msm8998/joan/adsp.mdt	7260	56e90c225ab00e4dceec9c60ac2b9f5c08b4f8ecfe4e16e67abdc0dbd4b47ab6
joan-fw/mba.mbn	qcom/msm8998/joan/mba.mbn	230056	c4e9da68a2da537cc6cc60c2837e972c68c9b8e80b41a56b4879c222be5825cf
joan-fw/modem.b00	qcom/msm8998/joan/modem.b00	1012	3012073b00b821a9c67567300d2c3f799199a4ae6dd2e87a7f152adfd6d30bee
joan-fw/modem.b01	qcom/msm8998/joan/modem.b01	7400	b21d6a0ce9e48a8d35b95f35037ec27076e97c7c4a4e13d30871f97da15d6824
joan-fw/modem.b02	qcom/msm8998/joan/modem.b02	45360	7d2485a16a917d068a617fcc071eb7d84feb8cc7cb4c14acd5629d9a54889752
joan-fw/modem.b03	qcom/msm8998/joan/modem.b03	8728	53b352a597e3c689f0c02ce14f8fc57272e2dad4dffafdb25f60d0b9bab04c58
joan-fw/modem.b04	qcom/msm8998/joan/modem.b04	219104	6c0a10fbaf0af1f32c05cb803b42a6de8126df65b6cb5f8c69a27429de060e30
joan-fw/modem.b05	qcom/msm8998/joan/modem.b05	309131	1d576c2c330ed2cc2e4cc69edf51392d0094ded8759acb03b872306563ca1d99
joan-fw/modem.b06	qcom/msm8998/joan/modem.b06	50656	c1d82de601470db125446e78bcc8533692f2424bb05946a18fd0640b219e6bd9
joan-fw/modem.b07	qcom/msm8998/joan/modem.b07	132844	af2bc6ac1aee28a210576b3cb477d63fb1a7347df6fca66ff5bfa74b0f0fa6f3
joan-fw/modem.b08	qcom/msm8998/joan/modem.b08	352340	f55b21401159ddb9ff26fea9fa1c91cee2b89f9a0afe375a0940e3feb9e8b4da
joan-fw/modem.b09	qcom/msm8998/joan/modem.b09	2550116	626697c7e906efff7b81235c09d5c86450aa7535346ae3bf0bb114c6cda10dde
joan-fw/modem.b10	qcom/msm8998/joan/modem.b10	45	92b1282f9193f4e258c016b2c2b6517c8bd736139e8d51bf32a01d37633aa86c
joan-fw/modem.b11	qcom/msm8998/joan/modem.b11	1105920	c73ca0f5455f37c197ecda97b61a4012f884cd54a12bf673685305ea55024d36
joan-fw/modem.b12	qcom/msm8998/joan/modem.b12	19590352	649e490cde7a7c66c7c1f7ba4310e74b252693d35c627ea67ac7ad5695abc0dd
joan-fw/modem.b13	qcom/msm8998/joan/modem.b13	287992	cfb74ecbcc0300ff060d8dd9b79b68a913853e9c83a323e299df6d04dfb825b6
joan-fw/modem.b14	qcom/msm8998/joan/modem.b14	1124	ddb9ce00fd3834ef6ad3fb8996cefdff05e9ed20ceb633bda58da45b8e6c843b
joan-fw/modem.b16	qcom/msm8998/joan/modem.b16	517520	87e208a2efcc7f03c23ccdea8371b4a18fd6c6c69a61012bb1bf1ae5817e320f
joan-fw/modem.b17	qcom/msm8998/joan/modem.b17	16003009	93868263b657f19d797dd52ac0da2384d06ea9b294679db9739880f4aaf85079
joan-fw/modem.b18	qcom/msm8998/joan/modem.b18	3595016	451220ef80d9835c497118dc21d0f6cb1162abb567aa94e126c4a72b0a356e23
joan-fw/modem.b20	qcom/msm8998/joan/modem.b20	65856	bc7221dd2fbaa92784d4ad5f9d340f3603d71b146132c6bfaec7b3f791645398
joan-fw/modem.b21	qcom/msm8998/joan/modem.b21	663233	c1fb079d01d53ee7ee491793336ad0397bf8dbfaf17fa34abe2afedaf78b63ff
joan-fw/modem.b22	qcom/msm8998/joan/modem.b22	9273344	596a590219966280060c8612ec88243c4f92ebadd1cfcca9ce2bdbf0f0bbacec
joan-fw/modem.b23	qcom/msm8998/joan/modem.b23	86016	1cd7c54a20e75a6ff1dd2a8a50917976ab27fce20531ad4078e36b03a95c7539
joan-fw/modem.b24	qcom/msm8998/joan/modem.b24	1413120	443c145a60d3160a170909566301f61556b4894d0079f6345ece68fd887f7b19
joan-fw/modem.b25	qcom/msm8998/joan/modem.b25	81476	e5ac44f3bd547260d77ec17209623623456fd123fec15534b81621a3f6c8d3bb
joan-fw/modem.b26	qcom/msm8998/joan/modem.b26	4848	01014df2a526325fb79d543c0169d27ea129e70d9f46dbb84803ea4954ac6fdf
joan-fw/modem.b27	qcom/msm8998/joan/modem.b27	224	06a8a231de7fae5dcb1b13526eb2990696872ace14068a6e2fa5fe11b9655556
joan-fw/modem.b28	qcom/msm8998/joan/modem.b28	429544	e8e20b36b82745eec2dbeee5244120593aae298f4c15c816be5a077ccce5cf3c
joan-fw/modem.mdt	qcom/msm8998/joan/modem.mdt	8412	d49aac8f2e0e191440b8e30118f8a39a7b6e4c238d312ce89484b1a8dff56da5
ipa-fw/ipa_fws.b00	ipa_fws.b00	212	98392dd51753daaaa61b4218f6577895dc3596053551b61a8c9d40de2abf5bfa
ipa-fw/ipa_fws.b01	ipa_fws.b01	6600	a929e33fe5b1127f27da288b33c8697b394b0969f107a751b51208789683c2f9
ipa-fw/ipa_fws.b02	ipa_fws.b02	13608	402234ff0f0cdac076339c89bb4488f040bb92df5ff53718e655d37169001cb4
ipa-fw/ipa_fws.b03	ipa_fws.b03	128	14024088f436ebd24b097cb113b2177e12c939efdac0211d560c7cc498611507
ipa-fw/ipa_fws.b04	ipa_fws.b04	320	8d572c4b4dee9572d90ab90137ec030331856bbfd8bf2e6ee315da4a5bab3373
ipa-fw/ipa_fws.mdt	ipa_fws.mdt	6812	2a9b80a01f018e3a94c3a5740ba0f1887a3f02ba1580c3106923bc93c87a9311
vendorfw/wlan/wlanmdsp.mbn	qcom/msm8998/joan/wlanmdsp.mbn	3055364	88fee31661c697a12395613ba135908395e88d7d3ede39ecc18336a28b1d2bb4
joan-wlbt/wcn/bdwlan.bin	ath10k/WCN3990/hw1.0/board.bin	19152	e39443c119a4c3b43fa8a87a9cf79b8bef396ec498f80b3755db666199c0a6a6
# files=48 bytes=72400722
